index,true_label,predicted_label,prob_io,prob_nio,correct
0,io,io,0.9872,0.0128,1
1,io,io,0.9944,0.0056,1
2,io,io,0.9663,0.0337,1
3,io,io,0.9460,0.0540,1
4,io,io,0.9768,0.0232,1
5,io,io,0.9882,0.0118,1
6,io,io,0.9572,0.0428,1
7,io,io,0.9949,0.0051,1
8,io,io,0.9925,0.0075,1
9,io,io,0.9918,0.0082,1
10,io,io,0.9772,0.0228,1
11,io,io,0.9766,0.0234,1
12,io,io,0.9739,0.0261,1
13,io,io,0.9549,0.0451,1
14,io,io,0.9813,0.0187,1
15,io,io,0.9774,0.0226,1
16,io,io,0.9952,0.0048,1
17,io,io,0.9660,0.0340,1
18,io,io,0.9721,0.0279,1
19,io,io,0.9456,0.0544,1
20,io,io,0.9574,0.0426,1
21,io,io,0.9947,0.0053,1
22,io,io,0.9764,0.0236,1
23,io,io,0.9904,0.0096,1
24,io,io,0.9838,0.0162,1
25,io,io,0.9907,0.0093,1
26,io,io,0.9900,0.0100,1
27,io,io,0.9901,0.0099,1
28,io,io,0.9922,0.0078,1
29,io,io,0.9609,0.0391,1
30,io,io,0.9212,0.0788,1
31,io,io,0.9164,0.0836,1
32,io,io,0.9920,0.0080,1
33,io,io,0.9587,0.0413,1
34,io,io,0.9679,0.0321,1
35,io,io,0.9460,0.0540,1
36,io,io,0.9512,0.0488,1
37,io,io,0.9646,0.0354,1
38,io,io,0.9558,0.0442,1
39,io,io,0.9815,0.0185,1
40,io,io,0.9902,0.0098,1
41,io,io,0.9442,0.0558,1
42,io,io,0.9907,0.0093,1
43,io,io,0.9783,0.0217,1
44,io,io,0.9643,0.0357,1
45,io,io,0.9888,0.0112,1
46,io,io,0.9873,0.0127,1
47,io,io,0.9823,0.0177,1
48,io,io,0.9928,0.0072,1
49,io,io,0.9862,0.0138,1
50,io,io,0.9858,0.0142,1
51,io,io,0.9755,0.0245,1
52,io,io,0.9701,0.0299,1
53,io,io,0.9728,0.0272,1
54,io,io,0.9559,0.0441,1
55,io,io,0.8454,0.1546,1
56,io,io,0.9737,0.0263,1
57,io,io,0.9631,0.0369,1
58,io,io,0.9919,0.0081,1
59,io,io,0.9975,0.0025,1
60,io,io,0.9895,0.0105,1
61,io,io,0.9928,0.0072,1
62,io,io,0.9774,0.0226,1
63,io,io,0.9753,0.0247,1
64,io,io,0.9957,0.0043,1
65,io,io,0.9814,0.0186,1
66,io,io,0.9747,0.0253,1
67,io,io,0.9866,0.0134,1
68,io,io,0.9782,0.0218,1
69,io,io,0.9862,0.0138,1
70,io,io,0.9893,0.0107,1
71,io,io,0.9764,0.0236,1
72,io,io,0.9836,0.0164,1
73,io,io,0.9741,0.0259,1
74,io,io,0.9798,0.0202,1
75,io,io,0.9706,0.0294,1
76,io,io,0.9819,0.0181,1
77,io,io,0.9139,0.0861,1
78,io,io,0.6975,0.3025,1
79,io,io,0.8833,0.1167,1
80,io,io,0.9224,0.0776,1
81,io,io,0.8564,0.1436,1
82,io,io,0.8793,0.1207,1
83,io,io,0.9305,0.0695,1
84,io,io,0.7952,0.2048,1
85,io,io,0.5741,0.4259,1
86,io,io,0.3993,0.6007,1
87,io,io,0.8013,0.1987,1
88,io,io,0.9095,0.0905,1
89,io,io,0.5817,0.4183,1
90,io,io,0.7822,0.2178,1
91,io,io,0.9250,0.0750,1
92,io,io,0.8876,0.1124,1
93,io,io,0.9392,0.0608,1
94,io,io,0.8905,0.1095,1
95,io,io,0.8208,0.1792,1
96,io,io,0.9224,0.0776,1
97,io,nio,0.0430,0.9570,0
98,io,io,0.8852,0.1148,1
99,io,io,0.9559,0.0441,1
100,io,io,0.7093,0.2907,1
101,io,io,0.7574,0.2426,1
102,io,io,0.5277,0.4723,1
103,io,io,0.8113,0.1887,1
104,io,io,0.7413,0.2587,1
105,io,io,0.8622,0.1378,1
106,io,io,0.7213,0.2787,1
107,io,io,0.9007,0.0993,1
108,io,io,0.8635,0.1365,1
109,io,io,0.6966,0.3034,1
110,io,io,0.7822,0.2178,1
111,io,io,0.9183,0.0817,1
112,io,io,0.7889,0.2111,1
113,io,io,0.9203,0.0797,1
114,io,io,0.9149,0.0851,1
115,io,io,0.9167,0.0833,1
116,io,io,0.8762,0.1238,1
117,io,io,0.8805,0.1195,1
118,io,io,0.9565,0.0435,1
119,io,io,0.8967,0.1033,1
120,io,io,0.8566,0.1434,1
121,io,io,0.6955,0.3045,1
122,io,io,0.6659,0.3341,1
123,io,io,0.8458,0.1542,1
124,io,io,0.9212,0.0788,1
125,io,io,0.9541,0.0459,1
126,io,io,0.9032,0.0968,1
127,io,io,0.8550,0.1450,1
128,io,io,0.9064,0.0936,1
129,io,io,0.8916,0.1084,1
130,io,io,0.9191,0.0809,1
131,io,io,0.8330,0.1670,1
132,io,io,0.8857,0.1143,1
133,io,io,0.8690,0.1310,1
134,io,io,0.9687,0.0313,1
135,io,io,0.9229,0.0771,1
136,io,io,0.9049,0.0951,1
137,io,io,0.7767,0.2233,1
138,io,io,0.9305,0.0695,1
139,io,io,0.8956,0.1044,1
140,io,io,0.9600,0.0400,1
141,io,io,0.8752,0.1248,1
142,io,io,0.7535,0.2465,1
143,io,io,0.8907,0.1093,1
144,io,io,0.8452,0.1548,1
145,io,io,0.8604,0.1396,1
146,io,io,0.8433,0.1567,1
147,io,io,0.6505,0.3495,1
148,io,io,0.9115,0.0885,1
149,io,io,0.9133,0.0867,1
150,io,io,0.8871,0.1129,1
151,io,io,0.9152,0.0848,1
152,io,io,0.7740,0.2260,1
153,io,io,0.7182,0.2818,1
154,io,io,0.8278,0.1722,1
155,io,io,0.8791,0.1209,1
156,io,io,0.8855,0.1145,1
157,io,io,0.9171,0.0829,1
158,io,io,0.9223,0.0777,1
159,io,io,0.8494,0.1506,1
160,io,io,0.9215,0.0785,1
161,io,io,0.8533,0.1467,1
162,io,io,0.8431,0.1569,1
163,io,io,0.8444,0.1556,1
164,io,io,0.7719,0.2281,1
165,io,io,0.9503,0.0497,1
166,io,io,0.9418,0.0582,1
167,io,io,0.9513,0.0487,1
168,io,io,0.8800,0.1200,1
169,io,io,0.9228,0.0772,1
170,io,io,0.8683,0.1317,1
171,io,io,0.9352,0.0648,1
172,io,io,0.8625,0.1375,1
173,nio,nio,0.1178,0.8822,1
174,nio,nio,0.0868,0.9132,1
175,nio,nio,0.0584,0.9416,1
176,nio,nio,0.0310,0.9690,1
177,nio,nio,0.2854,0.7146,1
178,nio,nio,0.1307,0.8693,1
179,nio,nio,0.0451,0.9549,1
180,nio,nio,0.1174,0.8826,1
181,nio,nio,0.0815,0.9185,1
182,nio,nio,0.0770,0.9230,1
183,nio,nio,0.0355,0.9645,1
184,nio,nio,0.2021,0.7979,1
185,nio,nio,0.1005,0.8995,1
186,nio,nio,0.1295,0.8705,1
187,nio,nio,0.0404,0.9596,1
188,nio,nio,0.0270,0.9730,1
189,nio,nio,0.0921,0.9079,1
190,nio,nio,0.0705,0.9295,1
191,nio,nio,0.0581,0.9419,1
192,nio,nio,0.0158,0.9842,1
193,nio,io,0.5098,0.4902,0
194,nio,nio,0.0965,0.9035,1
195,nio,nio,0.3156,0.6844,1
196,nio,io,0.8968,0.1032,0
197,nio,io,0.6345,0.3655,0
198,nio,nio,0.1122,0.8878,1
199,nio,io,0.8628,0.1372,0
200,nio,io,0.5723,0.4277,0
201,nio,io,0.4397,0.5603,0
202,nio,nio,0.1271,0.8729,1
203,nio,io,0.6770,0.3230,0
204,nio,io,0.6681,0.3319,0
205,nio,io,0.5377,0.4623,0
206,nio,io,0.6565,0.3435,0
207,nio,nio,0.1812,0.8188,1
208,nio,nio,0.2300,0.7700,1
209,nio,io,0.6333,0.3667,0
210,nio,io,0.6037,0.3963,0
211,nio,io,0.6881,0.3119,0
212,nio,io,0.6825,0.3175,0
213,nio,io,0.8222,0.1778,0
214,nio,nio,0.1079,0.8921,1
215,nio,nio,0.0262,0.9738,1
216,nio,nio,0.0725,0.9275,1
217,nio,io,0.4429,0.5571,0
218,nio,nio,0.2134,0.7866,1
219,nio,io,0.5480,0.4520,0
220,nio,nio,0.0408,0.9592,1
221,nio,nio,0.1132,0.8868,1
222,nio,nio,0.3597,0.6403,1
223,nio,nio,0.0223,0.9777,1
224,nio,nio,0.2804,0.7196,1
225,nio,nio,0.0271,0.9729,1
226,nio,nio,0.0145,0.9855,1
227,nio,nio,0.0336,0.9664,1
228,nio,nio,0.2764,0.7236,1
229,nio,nio,0.0484,0.9516,1
230,nio,io,0.4858,0.5142,0
231,nio,nio,0.2544,0.7456,1
232,nio,nio,0.1317,0.8683,1
233,nio,nio,0.3861,0.6139,1
234,nio,nio,0.0173,0.9827,1
235,nio,nio,0.0802,0.9198,1
236,nio,nio,0.1587,0.8413,1
237,nio,nio,0.1286,0.8714,1
238,nio,nio,0.1928,0.8072,1
239,nio,nio,0.1263,0.8737,1
240,nio,nio,0.2717,0.7283,1
241,nio,nio,0.3470,0.6530,1
242,nio,nio,0.1447,0.8553,1
243,nio,nio,0.1721,0.8279,1
244,nio,nio,0.1732,0.8268,1
245,nio,nio,0.1127,0.8873,1
246,nio,nio,0.0741,0.9259,1
247,nio,nio,0.0447,0.9553,1
248,nio,nio,0.0356,0.9644,1
249,nio,nio,0.1117,0.8883,1
250,nio,nio,0.1459,0.8541,1
251,nio,io,0.4510,0.5490,0
252,nio,nio,0.2302,0.7698,1
253,nio,nio,0.1528,0.8472,1
254,nio,nio,0.2859,0.7141,1
255,nio,nio,0.1338,0.8662,1
256,nio,nio,0.2075,0.7925,1
257,nio,nio,0.0329,0.9671,1
258,nio,nio,0.0631,0.9369,1
259,nio,nio,0.0782,0.9218,1
260,nio,nio,0.1050,0.8950,1
261,nio,io,0.4439,0.5561,0
262,nio,nio,0.2172,0.7828,1
263,nio,io,0.6234,0.3766,0
264,nio,io,0.5559,0.4441,0
265,nio,io,0.4267,0.5733,0
266,nio,nio,0.0801,0.9199,1
267,nio,nio,0.0253,0.9747,1
268,nio,nio,0.0209,0.9791,1
269,nio,nio,0.0305,0.9695,1
270,nio,nio,0.1611,0.8389,1
271,nio,nio,0.2272,0.7728,1
272,nio,nio,0.2028,0.7972,1
273,nio,nio,0.1978,0.8022,1
274,nio,io,0.4587,0.5413,0
275,nio,nio,0.0388,0.9612,1
276,nio,nio,0.1133,0.8867,1
277,nio,nio,0.1897,0.8103,1
278,nio,nio,0.1250,0.8750,1
279,nio,nio,0.2354,0.7646,1
280,nio,nio,0.1800,0.8200,1
281,nio,nio,0.2933,0.7067,1
282,nio,nio,0.0635,0.9365,1
283,nio,nio,0.0809,0.9191,1
284,nio,nio,0.1151,0.8849,1
285,nio,nio,0.0581,0.9419,1
286,nio,nio,0.1120,0.8880,1
287,nio,nio,0.0473,0.9527,1
288,nio,nio,0.0432,0.9568,1
289,nio,nio,0.0475,0.9525,1
290,nio,io,0.4594,0.5406,0
291,nio,nio,0.0779,0.9221,1
292,nio,nio,0.0347,0.9653,1
293,nio,nio,0.1058,0.8942,1
294,nio,nio,0.3540,0.6460,1
295,nio,nio,0.0086,0.9914,1
296,nio,nio,0.0664,0.9336,1
297,nio,nio,0.0330,0.9670,1
298,nio,nio,0.2205,0.7795,1
299,nio,nio,0.1446,0.8554,1
300,nio,nio,0.0173,0.9827,1
301,nio,nio,0.1982,0.8018,1
302,nio,nio,0.0360,0.9640,1
303,nio,io,0.5357,0.4643,0
304,nio,nio,0.1620,0.8380,1
305,nio,nio,0.1457,0.8543,1
306,nio,nio,0.0630,0.9370,1
307,nio,nio,0.0364,0.9636,1
308,nio,nio,0.0428,0.9572,1
309,nio,nio,0.0070,0.9930,1
310,nio,nio,0.0143,0.9857,1
